UNITID,Institution,City,State,Sector,Control,CohortYear,GRReportingYear,GR200ReportingYear,CohortType,AwardLevel,InitialCohort,Exclusions,AdjustedCohort,Completers100,Completers150,Completers200,TransferOut,GraduationRate100,GraduationRate150,GraduationRate200,TransferOutRate,PeerGroup,DisplayOrder,IsCaldwell,PeerGroupName
183910,Caldwell University,Caldwell,NJ,"Private nonprofit, 4-year or above",Private nonprofit,2009,2015,2017,"First-time, full-time degree/certificate-seeking students",Bachelor's degree-seeking cohort,269,0,269,84,141,143,NA,31.226765799256505,52.41635687732342,53.159851301115246,NA,Selected Institution,1,TRUE,Caldwell University Graduation Rate Peer Group
183910,Caldwell University,Caldwell,NJ,"Private nonprofit, 4-year or above",Private nonprofit,2010,2016,2018,"First-time, full-time degree/certificate-seeking students",Bachelor's degree-seeking cohort,284,0,284,118,165,169,81,41.54929577464789,58.098591549295776,59.50704225352113,28.52112676056338,Selected Institution,1,TRUE,Caldwell University Graduation Rate Peer Group
183910,Caldwell University,Caldwell,NJ,"Private nonprofit, 4-year or above",Private nonprofit,2011,2017,2019,"First-time, full-time degree/certificate-seeking students",Bachelor's degree-seeking cohort,306,0,306,137,202,206,64,44.771241830065364,66.01307189542483,67.3202614379085,20.915032679738562,Selected Institution,1,TRUE,Caldwell University Graduation Rate Peer Group
183910,Caldwell University,Caldwell,NJ,"Private nonprofit, 4-year or above",Private nonprofit,2012,2018,2020,"First-time, full-time degree/certificate-seeking students",Bachelor's degree-seeking cohort,292,0,292,104,166,170,78,35.61643835616438,56.849315068493155,58.21917808219178,26.71232876712329,Selected Institution,1,TRUE,Caldwell University Graduation Rate Peer Group
183910,Caldwell University,Caldwell,NJ,"Private nonprofit, 4-year or above",Private nonprofit,2013,2019,2021,"First-time, full-time degree/certificate-seeking students",Bachelor's degree-seeking cohort,329,0,329,179,226,226,71,54.40729483282675,68.69300911854104,68.69300911854104,21.580547112462007,Selected Institution,1,TRUE,Caldwell University Graduation Rate Peer Group
183910,Caldwell University,Caldwell,NJ,"Private nonprofit, 4-year or above",Private nonprofit,2014,2020,2022,"First-time, full-time degree/certificate-seeking students",Bachelor's degree-seeking cohort,371,0,371,191,239,240,95,51.482479784366575,64.42048517520216,64.6900269541779,25.60646900269542,Selected Institution,1,TRUE,Caldwell University Graduation Rate Peer Group
183910,Caldwell University,Caldwell,NJ,"Private nonprofit, 4-year or above",Private nonprofit,2015,2021,2023,"First-time, full-time degree/certificate-seeking students",Bachelor's degree-seeking cohort,332,0,332,164,196,198,90,49.39759036144578,59.036144578313255,59.63855421686747,27.10843373493976,Selected Institution,1,TRUE,Caldwell University Graduation Rate Peer Group
183910,Caldwell University,Caldwell,NJ,"Private nonprofit, 4-year or above",Private nonprofit,2016,2022,2024,"First-time, full-time degree/certificate-seeking students",Bachelor's degree-seeking cohort,400,0,400,226,272,276,95,56.49999999999999,68,69,23.75,Selected Institution,1,TRUE,Caldwell University Graduation Rate Peer Group
183910,Caldwell University,Caldwell,NJ,"Private nonprofit, 4-year or above",Private nonprofit,2017,2023,NA,"First-time, full-time degree/certificate-seeking students",Bachelor's degree-seeking cohort,368,0,368,NA,216,NA,89,NA,58.69565217391305,NA,24.184782608695652,Selected Institution,1,TRUE,Caldwell University Graduation Rate Peer Group
183910,Caldwell University,Caldwell,NJ,"Private nonprofit, 4-year or above",Private nonprofit,2018,2024,NA,"First-time, full-time degree/certificate-seeking students",Bachelor's degree-seeking cohort,494,0,494,NA,284,NA,128,NA,57.48987854251012,NA,25.910931174089068,Selected Institution,1,TRUE,Caldwell University Graduation Rate Peer Group
183974,Centenary University,Hackettstown,NJ,"Private nonprofit, 4-year or above",Private nonprofit,2009,2015,2017,"First-time, full-time degree/certificate-seeking students",Bachelor's degree-seeking cohort,270,0,270,156,158,158,NA,57.77777777777777,58.51851851851851,58.51851851851851,NA,Peer Institution,2,FALSE,Caldwell University Graduation Rate Peer Group
183974,Centenary University,Hackettstown,NJ,"Private nonprofit, 4-year or above",Private nonprofit,2010,2016,2018,"First-time, full-time degree/certificate-seeking students",Bachelor's degree-seeking cohort,252,0,252,115,145,145,NA,45.63492063492063,57.53968253968254,57.53968253968254,NA,Peer Institution,2,FALSE,Caldwell University Graduation Rate Peer Group
183974,Centenary University,Hackettstown,NJ,"Private nonprofit, 4-year or above",Private nonprofit,2011,2017,2019,"First-time, full-time degree/certificate-seeking students",Bachelor's degree-seeking cohort,235,0,235,120,146,146,18,51.06382978723404,62.12765957446808,62.12765957446808,7.659574468085106,Peer Institution,2,FALSE,Caldwell University Graduation Rate Peer Group
183974,Centenary University,Hackettstown,NJ,"Private nonprofit, 4-year or above",Private nonprofit,2012,2018,2020,"First-time, full-time degree/certificate-seeking students",Bachelor's degree-seeking cohort,234,0,234,111,137,137,13,47.43589743589743,58.54700854700855,58.54700854700855,5.555555555555555,Peer Institution,2,FALSE,Caldwell University Graduation Rate Peer Group
183974,Centenary University,Hackettstown,NJ,"Private nonprofit, 4-year or above",Private nonprofit,2013,2019,2021,"First-time, full-time degree/certificate-seeking students",Bachelor's degree-seeking cohort,177,0,177,88,99,105,20,49.717514124293785,55.932203389830505,59.32203389830508,11.299435028248588,Peer Institution,2,FALSE,Caldwell University Graduation Rate Peer Group
183974,Centenary University,Hackettstown,NJ,"Private nonprofit, 4-year or above",Private nonprofit,2014,2020,2022,"First-time, full-time degree/certificate-seeking students",Bachelor's degree-seeking cohort,179,0,179,90,106,143,7,50.27932960893855,59.217877094972074,79.88826815642457,3.910614525139665,Peer Institution,2,FALSE,Caldwell University Graduation Rate Peer Group
183974,Centenary University,Hackettstown,NJ,"Private nonprofit, 4-year or above",Private nonprofit,2015,2021,2023,"First-time, full-time degree/certificate-seeking students",Bachelor's degree-seeking cohort,225,0,225,132,154,154,NA,58.666666666666664,68.44444444444444,68.44444444444444,NA,Peer Institution,2,FALSE,Caldwell University Graduation Rate Peer Group
183974,Centenary University,Hackettstown,NJ,"Private nonprofit, 4-year or above",Private nonprofit,2016,2022,2024,"First-time, full-time degree/certificate-seeking students",Bachelor's degree-seeking cohort,238,1,237,128,143,143,66,54.008438818565395,60.337552742616026,60.337552742616026,27.848101265822784,Peer Institution,2,FALSE,Caldwell University Graduation Rate Peer Group
183974,Centenary University,Hackettstown,NJ,"Private nonprofit, 4-year or above",Private nonprofit,2017,2023,NA,"First-time, full-time degree/certificate-seeking students",Bachelor's degree-seeking cohort,222,18,204,NA,115,NA,58,NA,56.372549019607845,NA,28.431372549019606,Peer Institution,2,FALSE,Caldwell University Graduation Rate Peer Group
183974,Centenary University,Hackettstown,NJ,"Private nonprofit, 4-year or above",Private nonprofit,2018,2024,NA,"First-time, full-time degree/certificate-seeking students",Bachelor's degree-seeking cohort,224,1,223,NA,123,NA,63,NA,55.15695067264574,NA,28.251121076233183,Peer Institution,2,FALSE,Caldwell University Graduation Rate Peer Group
184348,Drew University,Madison,NJ,"Private nonprofit, 4-year or above",Private nonprofit,2009,2015,2017,"First-time, full-time degree/certificate-seeking students",Bachelor's degree-seeking cohort,505,0,505,317,339,342,NA,62.772277227722775,67.12871287128714,67.72277227722773,NA,Peer Institution,3,FALSE,Caldwell University Graduation Rate Peer Group
184348,Drew University,Madison,NJ,"Private nonprofit, 4-year or above",Private nonprofit,2010,2016,2018,"First-time, full-time degree/certificate-seeking students",Bachelor's degree-seeking cohort,495,1,494,280,302,309,NA,56.68016194331984,61.1336032388664,62.55060728744939,NA,Peer Institution,3,FALSE,Caldwell University Graduation Rate Peer Group
184348,Drew University,Madison,NJ,"Private nonprofit, 4-year or above",Private nonprofit,2011,2017,2019,"First-time, full-time degree/certificate-seeking students",Bachelor's degree-seeking cohort,454,0,454,266,281,282,NA,58.590308370044056,61.89427312775331,62.11453744493392,NA,Peer Institution,3,FALSE,Caldwell University Graduation Rate Peer Group
184348,Drew University,Madison,NJ,"Private nonprofit, 4-year or above",Private nonprofit,2012,2018,2020,"First-time, full-time degree/certificate-seeking students",Bachelor's degree-seeking cohort,362,1,361,204,223,224,NA,56.50969529085873,61.772853185595565,62.04986149584487,NA,Peer Institution,3,FALSE,Caldwell University Graduation Rate Peer Group
184348,Drew University,Madison,NJ,"Private nonprofit, 4-year or above",Private nonprofit,2013,2019,2021,"First-time, full-time degree/certificate-seeking students",Bachelor's degree-seeking cohort,399,0,399,262,277,277,NA,65.6641604010025,69.42355889724311,69.42355889724311,NA,Peer Institution,3,FALSE,Caldwell University Graduation Rate Peer Group
184348,Drew University,Madison,NJ,"Private nonprofit, 4-year or above",Private nonprofit,2014,2020,2022,"First-time, full-time degree/certificate-seeking students",Bachelor's degree-seeking cohort,302,1,301,192,207,211,NA,63.78737541528239,68.77076411960132,70.09966777408638,NA,Peer Institution,3,FALSE,Caldwell University Graduation Rate Peer Group
184348,Drew University,Madison,NJ,"Private nonprofit, 4-year or above",Private nonprofit,2015,2021,2023,"First-time, full-time degree/certificate-seeking students",Bachelor's degree-seeking cohort,356,0,356,242,263,265,NA,67.97752808988764,73.87640449438202,74.43820224719101,NA,Peer Institution,3,FALSE,Caldwell University Graduation Rate Peer Group
184348,Drew University,Madison,NJ,"Private nonprofit, 4-year or above",Private nonprofit,2016,2022,2024,"First-time, full-time degree/certificate-seeking students",Bachelor's degree-seeking cohort,350,0,350,244,258,261,NA,69.71428571428572,73.71428571428571,74.57142857142857,NA,Peer Institution,3,FALSE,Caldwell University Graduation Rate Peer Group
184348,Drew University,Madison,NJ,"Private nonprofit, 4-year or above",Private nonprofit,2017,2023,NA,"First-time, full-time degree/certificate-seeking students",Bachelor's degree-seeking cohort,370,0,370,NA,268,NA,NA,NA,72.43243243243244,NA,NA,Peer Institution,3,FALSE,Caldwell University Graduation Rate Peer Group
184348,Drew University,Madison,NJ,"Private nonprofit, 4-year or above",Private nonprofit,2018,2024,NA,"First-time, full-time degree/certificate-seeking students",Bachelor's degree-seeking cohort,420,0,420,NA,296,NA,90,NA,70.47619047619048,NA,21.428571428571427,Peer Institution,3,FALSE,Caldwell University Graduation Rate Peer Group
232025,Emory & Henry University,Emory,VA,"Private nonprofit, 4-year or above",Private nonprofit,2009,2015,2017,"First-time, full-time degree/certificate-seeking students",Bachelor's degree-seeking cohort,283,0,283,108,153,155,NA,38.16254416961131,54.06360424028268,54.77031802120141,NA,Peer Institution,4,FALSE,Caldwell University Graduation Rate Peer Group
232025,Emory & Henry University,Emory,VA,"Private nonprofit, 4-year or above",Private nonprofit,2010,2016,2018,"First-time, full-time degree/certificate-seeking students",Bachelor's degree-seeking cohort,248,0,248,84,127,127,NA,33.87096774193548,51.20967741935484,51.20967741935484,NA,Peer Institution,4,FALSE,Caldwell University Graduation Rate Peer Group
232025,Emory & Henry University,Emory,VA,"Private nonprofit, 4-year or above",Private nonprofit,2011,2017,2019,"First-time, full-time degree/certificate-seeking students",Bachelor's degree-seeking cohort,274,0,274,102,142,143,101,37.22627737226277,51.82481751824818,52.18978102189781,36.86131386861314,Peer Institution,4,FALSE,Caldwell University Graduation Rate Peer Group
232025,Emory & Henry University,Emory,VA,"Private nonprofit, 4-year or above",Private nonprofit,2012,2018,2020,"First-time, full-time degree/certificate-seeking students",Bachelor's degree-seeking cohort,244,0,244,117,146,148,69,47.950819672131146,59.83606557377049,60.65573770491803,28.278688524590162,Peer Institution,4,FALSE,Caldwell University Graduation Rate Peer Group
232025,Emory & Henry University,Emory,VA,"Private nonprofit, 4-year or above",Private nonprofit,2013,2019,2021,"First-time, full-time degree/certificate-seeking students",Bachelor's degree-seeking cohort,264,0,264,128,142,144,94,48.484848484848484,53.78787878787878,54.54545454545454,35.60606060606061,Peer Institution,4,FALSE,Caldwell University Graduation Rate Peer Group
232025,Emory & Henry University,Emory,VA,"Private nonprofit, 4-year or above",Private nonprofit,2014,2020,2022,"First-time, full-time degree/certificate-seeking students",Bachelor's degree-seeking cohort,285,0,285,130,154,156,50,45.614035087719294,54.03508771929825,54.736842105263165,17.543859649122805,Peer Institution,4,FALSE,Caldwell University Graduation Rate Peer Group
232025,Emory & Henry University,Emory,VA,"Private nonprofit, 4-year or above",Private nonprofit,2015,2021,2023,"First-time, full-time degree/certificate-seeking students",Bachelor's degree-seeking cohort,304,0,304,125,154,157,109,41.118421052631575,50.6578947368421,51.64473684210527,35.85526315789473,Peer Institution,4,FALSE,Caldwell University Graduation Rate Peer Group
232025,Emory & Henry University,Emory,VA,"Private nonprofit, 4-year or above",Private nonprofit,2016,2022,2024,"First-time, full-time degree/certificate-seeking students",Bachelor's degree-seeking cohort,284,0,284,138,164,166,84,48.59154929577465,57.74647887323944,58.45070422535211,29.577464788732392,Peer Institution,4,FALSE,Caldwell University Graduation Rate Peer Group
232025,Emory & Henry University,Emory,VA,"Private nonprofit, 4-year or above",Private nonprofit,2017,2023,NA,"First-time, full-time degree/certificate-seeking students",Bachelor's degree-seeking cohort,253,0,253,NA,136,NA,53,NA,53.75494071146245,NA,20.948616600790515,Peer Institution,4,FALSE,Caldwell University Graduation Rate Peer Group
232025,Emory & Henry University,Emory,VA,"Private nonprofit, 4-year or above",Private nonprofit,2018,2024,NA,"First-time, full-time degree/certificate-seeking students",Bachelor's degree-seeking cohort,268,0,268,NA,151,NA,75,NA,56.343283582089555,NA,27.985074626865668,Peer Institution,4,FALSE,Caldwell University Graduation Rate Peer Group
184612,Felician University,Lodi,NJ,"Private nonprofit, 4-year or above",Private nonprofit,2009,2015,2017,"First-time, full-time degree/certificate-seeking students",Bachelor's degree-seeking cohort,251,0,251,46,99,104,115,18.326693227091635,39.44223107569721,41.43426294820717,45.81673306772908,Peer Institution,5,FALSE,Caldwell University Graduation Rate Peer Group
184612,Felician University,Lodi,NJ,"Private nonprofit, 4-year or above",Private nonprofit,2010,2016,2018,"First-time, full-time degree/certificate-seeking students",Bachelor's degree-seeking cohort,324,0,324,66,134,144,132,20.37037037037037,41.358024691358025,44.44444444444444,40.74074074074074,Peer Institution,5,FALSE,Caldwell University Graduation Rate Peer Group
184612,Felician University,Lodi,NJ,"Private nonprofit, 4-year or above",Private nonprofit,2011,2017,2019,"First-time, full-time degree/certificate-seeking students",Bachelor's degree-seeking cohort,341,0,341,90,160,169,126,26.392961876832842,46.9208211143695,49.56011730205279,36.950146627565985,Peer Institution,5,FALSE,Caldwell University Graduation Rate Peer Group
184612,Felician University,Lodi,NJ,"Private nonprofit, 4-year or above",Private nonprofit,2012,2018,2020,"First-time, full-time degree/certificate-seeking students",Bachelor's degree-seeking cohort,228,0,228,56,104,107,87,24.561403508771928,45.614035087719294,46.92982456140351,38.15789473684211,Peer Institution,5,FALSE,Caldwell University Graduation Rate Peer Group
184612,Felician University,Lodi,NJ,"Private nonprofit, 4-year or above",Private nonprofit,2013,2019,2021,"First-time, full-time degree/certificate-seeking students",Bachelor's degree-seeking cohort,151,0,151,40,71,75,50,26.490066225165563,47.019867549668874,49.668874172185426,33.11258278145696,Peer Institution,5,FALSE,Caldwell University Graduation Rate Peer Group
184612,Felician University,Lodi,NJ,"Private nonprofit, 4-year or above",Private nonprofit,2014,2020,2022,"First-time, full-time degree/certificate-seeking students",Bachelor's degree-seeking cohort,270,0,270,91,144,152,87,33.7037037037037,53.333333333333336,56.2962962962963,32.22222222222222,Peer Institution,5,FALSE,Caldwell University Graduation Rate Peer Group
184612,Felician University,Lodi,NJ,"Private nonprofit, 4-year or above",Private nonprofit,2015,2021,2023,"First-time, full-time degree/certificate-seeking students",Bachelor's degree-seeking cohort,296,0,296,82,153,161,87,27.7027027027027,51.689189189189186,54.391891891891895,29.39189189189189,Peer Institution,5,FALSE,Caldwell University Graduation Rate Peer Group
184612,Felician University,Lodi,NJ,"Private nonprofit, 4-year or above",Private nonprofit,2016,2022,2024,"First-time, full-time degree/certificate-seeking students",Bachelor's degree-seeking cohort,316,0,316,96,163,167,96,30.37974683544304,51.58227848101266,52.84810126582279,30.37974683544304,Peer Institution,5,FALSE,Caldwell University Graduation Rate Peer Group
184612,Felician University,Lodi,NJ,"Private nonprofit, 4-year or above",Private nonprofit,2017,2023,NA,"First-time, full-time degree/certificate-seeking students",Bachelor's degree-seeking cohort,308,0,308,NA,153,NA,94,NA,49.67532467532468,NA,30.519480519480517,Peer Institution,5,FALSE,Caldwell University Graduation Rate Peer Group
184612,Felician University,Lodi,NJ,"Private nonprofit, 4-year or above",Private nonprofit,2018,2024,NA,"First-time, full-time degree/certificate-seeking students",Bachelor's degree-seeking cohort,288,0,288,NA,135,NA,95,NA,46.875,NA,32.98611111111111,Peer Institution,5,FALSE,Caldwell University Graduation Rate Peer Group
184773,Georgian Court University,Lakewood,NJ,"Private nonprofit, 4-year or above",Private nonprofit,2009,2015,2017,"First-time, full-time degree/certificate-seeking students",Bachelor's degree-seeking cohort,251,0,251,92,133,139,93,36.65338645418327,52.98804780876494,55.37848605577689,37.05179282868526,Peer Institution,6,FALSE,Caldwell University Graduation Rate Peer Group
184773,Georgian Court University,Lakewood,NJ,"Private nonprofit, 4-year or above",Private nonprofit,2010,2016,2018,"First-time, full-time degree/certificate-seeking students",Bachelor's degree-seeking cohort,223,0,223,59,94,99,88,26.45739910313901,42.152466367713004,44.39461883408072,39.46188340807175,Peer Institution,6,FALSE,Caldwell University Graduation Rate Peer Group
184773,Georgian Court University,Lakewood,NJ,"Private nonprofit, 4-year or above",Private nonprofit,2011,2017,2019,"First-time, full-time degree/certificate-seeking students",Bachelor's degree-seeking cohort,243,0,243,68,116,121,84,27.983539094650205,47.73662551440329,49.794238683127574,34.5679012345679,Peer Institution,6,FALSE,Caldwell University Graduation Rate Peer Group
184773,Georgian Court University,Lakewood,NJ,"Private nonprofit, 4-year or above",Private nonprofit,2012,2018,2020,"First-time, full-time degree/certificate-seeking students",Bachelor's degree-seeking cohort,160,0,160,56,87,88,49,35,54.37499999999999,55.00000000000001,30.625000000000004,Peer Institution,6,FALSE,Caldwell University Graduation Rate Peer Group
184773,Georgian Court University,Lakewood,NJ,"Private nonprofit, 4-year or above",Private nonprofit,2013,2019,2021,"First-time, full-time degree/certificate-seeking students",Bachelor's degree-seeking cohort,275,0,275,108,148,150,93,39.27272727272727,53.81818181818182,54.54545454545454,33.81818181818182,Peer Institution,6,FALSE,Caldwell University Graduation Rate Peer Group
184773,Georgian Court University,Lakewood,NJ,"Private nonprofit, 4-year or above",Private nonprofit,2014,2020,2022,"First-time, full-time degree/certificate-seeking students",Bachelor's degree-seeking cohort,228,0,228,107,130,134,70,46.92982456140351,57.01754385964912,58.77192982456141,30.701754385964914,Peer Institution,6,FALSE,Caldwell University Graduation Rate Peer Group
184773,Georgian Court University,Lakewood,NJ,"Private nonprofit, 4-year or above",Private nonprofit,2015,2021,2023,"First-time, full-time degree/certificate-seeking students",Bachelor's degree-seeking cohort,149,0,149,65,87,88,40,43.624161073825505,58.38926174496645,59.06040268456376,26.845637583892618,Peer Institution,6,FALSE,Caldwell University Graduation Rate Peer Group
184773,Georgian Court University,Lakewood,NJ,"Private nonprofit, 4-year or above",Private nonprofit,2016,2022,2024,"First-time, full-time degree/certificate-seeking students",Bachelor's degree-seeking cohort,221,0,221,96,119,120,68,43.43891402714932,53.84615384615385,54.29864253393665,30.76923076923077,Peer Institution,6,FALSE,Caldwell University Graduation Rate Peer Group
184773,Georgian Court University,Lakewood,NJ,"Private nonprofit, 4-year or above",Private nonprofit,2017,2023,NA,"First-time, full-time degree/certificate-seeking students",Bachelor's degree-seeking cohort,216,0,216,NA,119,NA,68,NA,55.092592592592595,NA,31.48148148148148,Peer Institution,6,FALSE,Caldwell University Graduation Rate Peer Group
184773,Georgian Court University,Lakewood,NJ,"Private nonprofit, 4-year or above",Private nonprofit,2018,2024,NA,"First-time, full-time degree/certificate-seeking students",Bachelor's degree-seeking cohort,280,0,280,NA,150,NA,104,NA,53.57142857142857,NA,37.142857142857146,Peer Institution,6,FALSE,Caldwell University Graduation Rate Peer Group
212984,Holy Family University,Philadelphia,PA,"Private nonprofit, 4-year or above",Private nonprofit,2009,2015,2017,"First-time, full-time degree/certificate-seeking students",Bachelor's degree-seeking cohort,366,3,363,167,208,209,113,46.005509641873275,57.30027548209367,57.57575757575758,31.129476584022036,Peer Institution,7,FALSE,Caldwell University Graduation Rate Peer Group
212984,Holy Family University,Philadelphia,PA,"Private nonprofit, 4-year or above",Private nonprofit,2010,2016,2018,"First-time, full-time degree/certificate-seeking students",Bachelor's degree-seeking cohort,322,0,322,131,190,193,92,40.683229813664596,59.006211180124225,59.93788819875776,28.57142857142857,Peer Institution,7,FALSE,Caldwell University Graduation Rate Peer Group
212984,Holy Family University,Philadelphia,PA,"Private nonprofit, 4-year or above",Private nonprofit,2011,2017,2019,"First-time, full-time degree/certificate-seeking students",Bachelor's degree-seeking cohort,281,0,281,125,154,167,90,44.48398576512456,54.804270462633454,59.430604982206404,32.028469750889684,Peer Institution,7,FALSE,Caldwell University Graduation Rate Peer Group
212984,Holy Family University,Philadelphia,PA,"Private nonprofit, 4-year or above",Private nonprofit,2012,2018,2020,"First-time, full-time degree/certificate-seeking students",Bachelor's degree-seeking cohort,308,0,308,140,184,185,114,45.45454545454545,59.74025974025974,60.26058631921825,37.01298701298701,Peer Institution,7,FALSE,Caldwell University Graduation Rate Peer Group
212984,Holy Family University,Philadelphia,PA,"Private nonprofit, 4-year or above",Private nonprofit,2013,2019,2021,"First-time, full-time degree/certificate-seeking students",Bachelor's degree-seeking cohort,283,4,279,112,160,162,41,40.14336917562724,57.34767025089605,58.06451612903226,14.695340501792115,Peer Institution,7,FALSE,Caldwell University Graduation Rate Peer Group
212984,Holy Family University,Philadelphia,PA,"Private nonprofit, 4-year or above",Private nonprofit,2014,2020,2022,"First-time, full-time degree/certificate-seeking students",Bachelor's degree-seeking cohort,249,0,249,108,141,144,32,43.373493975903614,56.62650602409639,57.831325301204814,12.851405622489958,Peer Institution,7,FALSE,Caldwell University Graduation Rate Peer Group
212984,Holy Family University,Philadelphia,PA,"Private nonprofit, 4-year or above",Private nonprofit,2015,2021,2023,"First-time, full-time degree/certificate-seeking students",Bachelor's degree-seeking cohort,333,1,332,138,186,189,85,41.566265060240966,56.024096385542165,56.92771084337349,25.602409638554217,Peer Institution,7,FALSE,Caldwell University Graduation Rate Peer Group
212984,Holy Family University,Philadelphia,PA,"Private nonprofit, 4-year or above",Private nonprofit,2016,2022,2024,"First-time, full-time degree/certificate-seeking students",Bachelor's degree-seeking cohort,323,0,323,137,188,189,86,42.414860681114554,58.204334365325074,58.51393188854489,26.625386996904027,Peer Institution,7,FALSE,Caldwell University Graduation Rate Peer Group
212984,Holy Family University,Philadelphia,PA,"Private nonprofit, 4-year or above",Private nonprofit,2017,2023,NA,"First-time, full-time degree/certificate-seeking students",Bachelor's degree-seeking cohort,353,0,353,NA,212,NA,82,NA,60.05665722379604,NA,23.229461756373937,Peer Institution,7,FALSE,Caldwell University Graduation Rate Peer Group
212984,Holy Family University,Philadelphia,PA,"Private nonprofit, 4-year or above",Private nonprofit,2018,2024,NA,"First-time, full-time degree/certificate-seeking students",Bachelor's degree-seeking cohort,347,0,347,NA,209,NA,74,NA,60.23054755043228,NA,21.32564841498559,Peer Institution,7,FALSE,Caldwell University Graduation Rate Peer Group
147013,McKendree University,Lebanon,IL,"Private nonprofit, 4-year or above",Private nonprofit,2009,2015,2017,"First-time, full-time degree/certificate-seeking students",Bachelor's degree-seeking cohort,305,0,305,102,170,175,NA,33.442622950819676,55.73770491803278,58.7248322147651,NA,Peer Institution,8,FALSE,Caldwell University Graduation Rate Peer Group
147013,McKendree University,Lebanon,IL,"Private nonprofit, 4-year or above",Private nonprofit,2010,2016,2018,"First-time, full-time degree/certificate-seeking students",Bachelor's degree-seeking cohort,341,6,335,121,174,178,NA,36.11940298507463,51.94029850746269,53.293413173652695,NA,Peer Institution,8,FALSE,Caldwell University Graduation Rate Peer Group
147013,McKendree University,Lebanon,IL,"Private nonprofit, 4-year or above",Private nonprofit,2011,2017,2019,"First-time, full-time degree/certificate-seeking students",Bachelor's degree-seeking cohort,290,5,285,106,146,147,NA,37.19298245614035,51.2280701754386,51.578947368421055,NA,Peer Institution,8,FALSE,Caldwell University Graduation Rate Peer Group
147013,McKendree University,Lebanon,IL,"Private nonprofit, 4-year or above",Private nonprofit,2012,2018,2020,"First-time, full-time degree/certificate-seeking students",Bachelor's degree-seeking cohort,297,3,294,128,160,160,NA,43.53741496598639,54.421768707483,54.421768707483,NA,Peer Institution,8,FALSE,Caldwell University Graduation Rate Peer Group
147013,McKendree University,Lebanon,IL,"Private nonprofit, 4-year or above",Private nonprofit,2013,2019,2021,"First-time, full-time degree/certificate-seeking students",Bachelor's degree-seeking cohort,387,7,380,178,228,229,NA,46.8421052631579,60,60.26315789473684,NA,Peer Institution,8,FALSE,Caldwell University Graduation Rate Peer Group
147013,McKendree University,Lebanon,IL,"Private nonprofit, 4-year or above",Private nonprofit,2014,2020,2022,"First-time, full-time degree/certificate-seeking students",Bachelor's degree-seeking cohort,421,11,410,184,220,221,NA,44.87804878048781,53.65853658536586,53.90243902439025,NA,Peer Institution,8,FALSE,Caldwell University Graduation Rate Peer Group
147013,McKendree University,Lebanon,IL,"Private nonprofit, 4-year or above",Private nonprofit,2015,2021,2023,"First-time, full-time degree/certificate-seeking students",Bachelor's degree-seeking cohort,362,20,342,147,190,191,NA,42.98245614035088,55.55555555555556,55.84795321637427,NA,Peer Institution,8,FALSE,Caldwell University Graduation Rate Peer Group
147013,McKendree University,Lebanon,IL,"Private nonprofit, 4-year or above",Private nonprofit,2016,2022,2024,"First-time, full-time degree/certificate-seeking students",Bachelor's degree-seeking cohort,458,20,438,197,243,244,NA,44.97716894977169,55.47945205479452,56.09195402298851,NA,Peer Institution,8,FALSE,Caldwell University Graduation Rate Peer Group
147013,McKendree University,Lebanon,IL,"Private nonprofit, 4-year or above",Private nonprofit,2017,2023,NA,"First-time, full-time degree/certificate-seeking students",Bachelor's degree-seeking cohort,364,13,351,NA,209,NA,NA,NA,59.54415954415955,NA,NA,Peer Institution,8,FALSE,Caldwell University Graduation Rate Peer Group
147013,McKendree University,Lebanon,IL,"Private nonprofit, 4-year or above",Private nonprofit,2018,2024,NA,"First-time, full-time degree/certificate-seeking students",Bachelor's degree-seeking cohort,362,47,315,NA,168,NA,NA,NA,53.333333333333336,NA,NA,Peer Institution,8,FALSE,Caldwell University Graduation Rate Peer Group
193353,Mount Saint Mary College,Newburgh,NY,"Private nonprofit, 4-year or above",Private nonprofit,2009,2015,2017,"First-time, full-time degree/certificate-seeking students",Bachelor's degree-seeking cohort,474,0,474,217,279,284,NA,45.78059071729958,58.86075949367089,59.91561181434599,NA,Peer Institution,9,FALSE,Caldwell University Graduation Rate Peer Group
193353,Mount Saint Mary College,Newburgh,NY,"Private nonprofit, 4-year or above",Private nonprofit,2010,2016,2018,"First-time, full-time degree/certificate-seeking students",Bachelor's degree-seeking cohort,444,1,443,187,238,239,NA,42.21218961625282,53.72460496613996,53.95033860045147,NA,Peer Institution,9,FALSE,Caldwell University Graduation Rate Peer Group
193353,Mount Saint Mary College,Newburgh,NY,"Private nonprofit, 4-year or above",Private nonprofit,2011,2017,2019,"First-time, full-time degree/certificate-seeking students",Bachelor's degree-seeking cohort,453,1,452,194,243,244,NA,42.92035398230089,53.76106194690266,53.98230088495575,NA,Peer Institution,9,FALSE,Caldwell University Graduation Rate Peer Group
193353,Mount Saint Mary College,Newburgh,NY,"Private nonprofit, 4-year or above",Private nonprofit,2012,2018,2020,"First-time, full-time degree/certificate-seeking students",Bachelor's degree-seeking cohort,441,1,440,197,249,252,NA,44.77272727272727,56.59090909090909,57.27272727272727,NA,Peer Institution,9,FALSE,Caldwell University Graduation Rate Peer Group
193353,Mount Saint Mary College,Newburgh,NY,"Private nonprofit, 4-year or above",Private nonprofit,2013,2019,2021,"First-time, full-time degree/certificate-seeking students",Bachelor's degree-seeking cohort,448,0,448,218,280,282,NA,48.660714285714285,62.5,62.94642857142857,NA,Peer Institution,9,FALSE,Caldwell University Graduation Rate Peer Group
193353,Mount Saint Mary College,Newburgh,NY,"Private nonprofit, 4-year or above",Private nonprofit,2014,2020,2022,"First-time, full-time degree/certificate-seeking students",Bachelor's degree-seeking cohort,411,1,410,199,248,250,NA,48.536585365853654,60.48780487804878,60.97560975609756,NA,Peer Institution,9,FALSE,Caldwell University Graduation Rate Peer Group
193353,Mount Saint Mary College,Newburgh,NY,"Private nonprofit, 4-year or above",Private nonprofit,2015,2021,2023,"First-time, full-time degree/certificate-seeking students",Bachelor's degree-seeking cohort,422,1,421,205,263,265,NA,48.69358669833729,62.47030878859857,62.94536817102138,NA,Peer Institution,9,FALSE,Caldwell University Graduation Rate Peer Group
193353,Mount Saint Mary College,Newburgh,NY,"Private nonprofit, 4-year or above",Private nonprofit,2016,2022,2024,"First-time, full-time degree/certificate-seeking students",Bachelor's degree-seeking cohort,384,0,384,184,235,235,NA,47.91666666666667,61.197916666666664,61.197916666666664,NA,Peer Institution,9,FALSE,Caldwell University Graduation Rate Peer Group
193353,Mount Saint Mary College,Newburgh,NY,"Private nonprofit, 4-year or above",Private nonprofit,2017,2023,NA,"First-time, full-time degree/certificate-seeking students",Bachelor's degree-seeking cohort,399,0,399,NA,262,NA,111,NA,65.6641604010025,NA,27.819548872180448,Peer Institution,9,FALSE,Caldwell University Graduation Rate Peer Group
193353,Mount Saint Mary College,Newburgh,NY,"Private nonprofit, 4-year or above",Private nonprofit,2018,2024,NA,"First-time, full-time degree/certificate-seeking students",Bachelor's degree-seeking cohort,388,0,388,NA,254,NA,NA,NA,65.4639175257732,NA,NA,Peer Institution,9,FALSE,Caldwell University Graduation Rate Peer Group
214272,Neumann University,Aston,PA,"Private nonprofit, 4-year or above",Private nonprofit,2009,2015,2017,"First-time, full-time degree/certificate-seeking students",Bachelor's degree-seeking cohort,519,0,519,189,258,264,111,36.41618497109826,49.71098265895954,50.86705202312138,21.38728323699422,Peer Institution,10,FALSE,Caldwell University Graduation Rate Peer Group
214272,Neumann University,Aston,PA,"Private nonprofit, 4-year or above",Private nonprofit,2010,2016,2018,"First-time, full-time degree/certificate-seeking students",Bachelor's degree-seeking cohort,547,0,547,166,293,301,NA,30.347349177330894,53.56489945155393,55.02742230347349,NA,Peer Institution,10,FALSE,Caldwell University Graduation Rate Peer Group
214272,Neumann University,Aston,PA,"Private nonprofit, 4-year or above",Private nonprofit,2011,2017,2019,"First-time, full-time degree/certificate-seeking students",Bachelor's degree-seeking cohort,573,1,572,217,324,330,NA,37.93706293706294,56.64335664335665,57.692307692307686,NA,Peer Institution,10,FALSE,Caldwell University Graduation Rate Peer Group
214272,Neumann University,Aston,PA,"Private nonprofit, 4-year or above",Private nonprofit,2012,2018,2020,"First-time, full-time degree/certificate-seeking students",Bachelor's degree-seeking cohort,574,0,574,185,269,272,NA,32.22996515679443,46.864111498257834,47.386759581881535,NA,Peer Institution,10,FALSE,Caldwell University Graduation Rate Peer Group
214272,Neumann University,Aston,PA,"Private nonprofit, 4-year or above",Private nonprofit,2013,2019,2021,"First-time, full-time degree/certificate-seeking students",Bachelor's degree-seeking cohort,500,0,500,179,259,262,NA,35.8,51.800000000000004,52.400000000000006,NA,Peer Institution,10,FALSE,Caldwell University Graduation Rate Peer Group
214272,Neumann University,Aston,PA,"Private nonprofit, 4-year or above",Private nonprofit,2014,2020,2022,"First-time, full-time degree/certificate-seeking students",Bachelor's degree-seeking cohort,415,0,415,127,211,212,NA,30.602409638554217,50.84337349397591,51.08433734939759,NA,Peer Institution,10,FALSE,Caldwell University Graduation Rate Peer Group
214272,Neumann University,Aston,PA,"Private nonprofit, 4-year or above",Private nonprofit,2015,2021,2023,"First-time, full-time degree/certificate-seeking students",Bachelor's degree-seeking cohort,401,1,400,137,197,202,NA,34.25,49.25,50.5,NA,Peer Institution,10,FALSE,Caldwell University Graduation Rate Peer Group
214272,Neumann University,Aston,PA,"Private nonprofit, 4-year or above",Private nonprofit,2016,2022,2024,"First-time, full-time degree/certificate-seeking students",Bachelor's degree-seeking cohort,375,0,375,116,203,207,NA,30.933333333333334,54.13333333333333,55.2,NA,Peer Institution,10,FALSE,Caldwell University Graduation Rate Peer Group
214272,Neumann University,Aston,PA,"Private nonprofit, 4-year or above",Private nonprofit,2017,2023,NA,"First-time, full-time degree/certificate-seeking students",Bachelor's degree-seeking cohort,360,0,360,NA,166,NA,NA,NA,46.111111111111114,NA,NA,Peer Institution,10,FALSE,Caldwell University Graduation Rate Peer Group
214272,Neumann University,Aston,PA,"Private nonprofit, 4-year or above",Private nonprofit,2018,2024,NA,"First-time, full-time degree/certificate-seeking students",Bachelor's degree-seeking cohort,421,0,421,NA,223,NA,NA,NA,52.96912114014252,NA,NA,Peer Institution,10,FALSE,Caldwell University Graduation Rate Peer Group
186432,Saint Peter's University,Jersey City,NJ,"Private nonprofit, 4-year or above",Private nonprofit,2009,2015,2017,"First-time, full-time degree/certificate-seeking students",Bachelor's degree-seeking cohort,522,0,522,190,284,288,NA,36.39846743295019,54.406130268199234,55.172413793103445,NA,Peer Institution,11,FALSE,Caldwell University Graduation Rate Peer Group
186432,Saint Peter's University,Jersey City,NJ,"Private nonprofit, 4-year or above",Private nonprofit,2010,2016,2018,"First-time, full-time degree/certificate-seeking students",Bachelor's degree-seeking cohort,498,0,498,193,268,277,NA,38.75502008032129,53.81526104417671,55.62248995983936,NA,Peer Institution,11,FALSE,Caldwell University Graduation Rate Peer Group
186432,Saint Peter's University,Jersey City,NJ,"Private nonprofit, 4-year or above",Private nonprofit,2011,2017,2019,"First-time, full-time degree/certificate-seeking students",Bachelor's degree-seeking cohort,412,0,412,158,223,229,NA,38.349514563106794,54.12621359223301,55.582524271844655,NA,Peer Institution,11,FALSE,Caldwell University Graduation Rate Peer Group
186432,Saint Peter's University,Jersey City,NJ,"Private nonprofit, 4-year or above",Private nonprofit,2012,2018,2020,"First-time, full-time degree/certificate-seeking students",Bachelor's degree-seeking cohort,390,0,390,129,195,198,NA,33.07692307692307,50,50.76923076923077,NA,Peer Institution,11,FALSE,Caldwell University Graduation Rate Peer Group
186432,Saint Peter's University,Jersey City,NJ,"Private nonprofit, 4-year or above",Private nonprofit,2013,2019,2021,"First-time, full-time degree/certificate-seeking students",Bachelor's degree-seeking cohort,605,0,605,285,360,366,NA,47.107438016528924,59.50413223140496,60.49586776859505,NA,Peer Institution,11,FALSE,Caldwell University Graduation Rate Peer Group
186432,Saint Peter's University,Jersey City,NJ,"Private nonprofit, 4-year or above",Private nonprofit,2014,2020,2022,"First-time, full-time degree/certificate-seeking students",Bachelor's degree-seeking cohort,581,3,578,245,319,332,NA,42.38754325259516,55.19031141868512,57.43944636678201,NA,Peer Institution,11,FALSE,Caldwell University Graduation Rate Peer Group
186432,Saint Peter's University,Jersey City,NJ,"Private nonprofit, 4-year or above",Private nonprofit,2015,2021,2023,"First-time, full-time degree/certificate-seeking students",Bachelor's degree-seeking cohort,567,0,567,266,330,336,NA,46.913580246913575,58.201058201058196,59.25925925925925,NA,Peer Institution,11,FALSE,Caldwell University Graduation Rate Peer Group
186432,Saint Peter's University,Jersey City,NJ,"Private nonprofit, 4-year or above",Private nonprofit,2016,2022,2024,"First-time, full-time degree/certificate-seeking students",Bachelor's degree-seeking cohort,626,0,626,315,377,386,NA,50.319488817891376,60.22364217252396,61.66134185303515,NA,Peer Institution,11,FALSE,Caldwell University Graduation Rate Peer Group
186432,Saint Peter's University,Jersey City,NJ,"Private nonprofit, 4-year or above",Private nonprofit,2017,2023,NA,"First-time, full-time degree/certificate-seeking students",Bachelor's degree-seeking cohort,651,0,651,NA,411,NA,NA,NA,63.133640552995395,NA,NA,Peer Institution,11,FALSE,Caldwell University Graduation Rate Peer Group
186432,Saint Peter's University,Jersey City,NJ,"Private nonprofit, 4-year or above",Private nonprofit,2018,2024,NA,"First-time, full-time degree/certificate-seeking students",Bachelor's degree-seeking cohort,562,0,562,NA,327,NA,NA,NA,58.18505338078291,NA,NA,Peer Institution,11,FALSE,Caldwell University Graduation Rate Peer Group
193399,University of Mount Saint Vincent,Bronx,NY,"Private nonprofit, 4-year or above",Private nonprofit,2009,2015,2017,"First-time, full-time degree/certificate-seeking students",Bachelor's degree-seeking cohort,390,0,390,131,207,210,NA,33.589743589743584,53.07692307692308,53.84615384615385,NA,Peer Institution,12,FALSE,Caldwell University Graduation Rate Peer Group
193399,University of Mount Saint Vincent,Bronx,NY,"Private nonprofit, 4-year or above",Private nonprofit,2010,2016,2018,"First-time, full-time degree/certificate-seeking students",Bachelor's degree-seeking cohort,377,0,377,147,208,212,NA,38.9920424403183,55.172413793103445,56.233421750663126,NA,Peer Institution,12,FALSE,Caldwell University Graduation Rate Peer Group
193399,University of Mount Saint Vincent,Bronx,NY,"Private nonprofit, 4-year or above",Private nonprofit,2011,2017,2019,"First-time, full-time degree/certificate-seeking students",Bachelor's degree-seeking cohort,439,0,439,165,237,239,NA,37.58542141230068,53.98633257403189,54.441913439635535,NA,Peer Institution,12,FALSE,Caldwell University Graduation Rate Peer Group
193399,University of Mount Saint Vincent,Bronx,NY,"Private nonprofit, 4-year or above",Private nonprofit,2012,2018,2020,"First-time, full-time degree/certificate-seeking students",Bachelor's degree-seeking cohort,486,0,486,161,250,251,NA,33.1275720164609,51.440329218106996,51.64609053497943,NA,Peer Institution,12,FALSE,Caldwell University Graduation Rate Peer Group
193399,University of Mount Saint Vincent,Bronx,NY,"Private nonprofit, 4-year or above",Private nonprofit,2013,2019,2021,"First-time, full-time degree/certificate-seeking students",Bachelor's degree-seeking cohort,386,0,386,120,192,193,NA,31.088082901554404,49.740932642487046,50,NA,Peer Institution,12,FALSE,Caldwell University Graduation Rate Peer Group
193399,University of Mount Saint Vincent,Bronx,NY,"Private nonprofit, 4-year or above",Private nonprofit,2014,2020,2022,"First-time, full-time degree/certificate-seeking students",Bachelor's degree-seeking cohort,516,0,516,220,323,328,NA,42.63565891472868,62.5968992248062,63.565891472868216,NA,Peer Institution,12,FALSE,Caldwell University Graduation Rate Peer Group
193399,University of Mount Saint Vincent,Bronx,NY,"Private nonprofit, 4-year or above",Private nonprofit,2015,2021,2023,"First-time, full-time degree/certificate-seeking students",Bachelor's degree-seeking cohort,321,0,321,111,181,183,100,34.57943925233645,56.38629283489096,57.009345794392516,31.15264797507788,Peer Institution,12,FALSE,Caldwell University Graduation Rate Peer Group
193399,University of Mount Saint Vincent,Bronx,NY,"Private nonprofit, 4-year or above",Private nonprofit,2016,2022,2024,"First-time, full-time degree/certificate-seeking students",Bachelor's degree-seeking cohort,436,0,436,185,249,254,83,42.43119266055046,57.11009174311926,58.256880733944946,19.03669724770642,Peer Institution,12,FALSE,Caldwell University Graduation Rate Peer Group
193399,University of Mount Saint Vincent,Bronx,NY,"Private nonprofit, 4-year or above",Private nonprofit,2017,2023,NA,"First-time, full-time degree/certificate-seeking students",Bachelor's degree-seeking cohort,448,0,448,NA,256,NA,79,NA,57.14285714285714,NA,17.633928571428573,Peer Institution,12,FALSE,Caldwell University Graduation Rate Peer Group
193399,University of Mount Saint Vincent,Bronx,NY,"Private nonprofit, 4-year or above",Private nonprofit,2018,2024,NA,"First-time, full-time degree/certificate-seeking students",Bachelor's degree-seeking cohort,410,0,410,NA,233,NA,145,NA,56.82926829268292,NA,35.36585365853659,Peer Institution,12,FALSE,Caldwell University Graduation Rate Peer Group
150534,University of Evansville,Evansville,IN,"Private nonprofit, 4-year or above",Private nonprofit,2009,2015,2017,"First-time, full-time degree/certificate-seeking students",Bachelor's degree-seeking cohort,696,0,696,403,475,477,NA,57.90229885057471,68.24712643678161,68.53448275862068,NA,Peer Institution,13,FALSE,Caldwell University Graduation Rate Peer Group
150534,University of Evansville,Evansville,IN,"Private nonprofit, 4-year or above",Private nonprofit,2010,2016,2018,"First-time, full-time degree/certificate-seeking students",Bachelor's degree-seeking cohort,683,0,683,398,469,471,NA,58.27232796486091,68.66764275256223,68.96046852122987,NA,Peer Institution,13,FALSE,Caldwell University Graduation Rate Peer Group
150534,University of Evansville,Evansville,IN,"Private nonprofit, 4-year or above",Private nonprofit,2011,2017,2019,"First-time, full-time degree/certificate-seeking students",Bachelor's degree-seeking cohort,622,0,622,384,444,447,131,61.7363344051447,71.38263665594855,71.86495176848875,21.061093247588424,Peer Institution,13,FALSE,Caldwell University Graduation Rate Peer Group
150534,University of Evansville,Evansville,IN,"Private nonprofit, 4-year or above",Private nonprofit,2012,2018,2020,"First-time, full-time degree/certificate-seeking students",Bachelor's degree-seeking cohort,518,0,518,348,383,385,NA,67.18146718146718,73.93822393822393,74.32432432432432,NA,Peer Institution,13,FALSE,Caldwell University Graduation Rate Peer Group
150534,University of Evansville,Evansville,IN,"Private nonprofit, 4-year or above",Private nonprofit,2013,2019,2021,"First-time, full-time degree/certificate-seeking students",Bachelor's degree-seeking cohort,540,0,540,299,368,373,125,55.37037037037037,68.14814814814815,69.07407407407408,23.14814814814815,Peer Institution,13,FALSE,Caldwell University Graduation Rate Peer Group
150534,University of Evansville,Evansville,IN,"Private nonprofit, 4-year or above",Private nonprofit,2014,2020,2022,"First-time, full-time degree/certificate-seeking students",Bachelor's degree-seeking cohort,529,0,529,292,352,355,129,55.19848771266541,66.5406427221172,67.10775047258979,24.38563327032136,Peer Institution,13,FALSE,Caldwell University Graduation Rate Peer Group
150534,University of Evansville,Evansville,IN,"Private nonprofit, 4-year or above",Private nonprofit,2015,2021,2023,"First-time, full-time degree/certificate-seeking students",Bachelor's degree-seeking cohort,515,0,515,301,356,359,116,58.44660194174758,69.12621359223301,69.70873786407768,22.52427184466019,Peer Institution,13,FALSE,Caldwell University Graduation Rate Peer Group
150534,University of Evansville,Evansville,IN,"Private nonprofit, 4-year or above",Private nonprofit,2016,2022,2024,"First-time, full-time degree/certificate-seeking students",Bachelor's degree-seeking cohort,534,0,534,297,345,350,122,55.61797752808989,64.60674157303372,65.54307116104869,22.846441947565545,Peer Institution,13,FALSE,Caldwell University Graduation Rate Peer Group
150534,University of Evansville,Evansville,IN,"Private nonprofit, 4-year or above",Private nonprofit,2017,2023,NA,"First-time, full-time degree/certificate-seeking students",Bachelor's degree-seeking cohort,440,0,440,NA,313,NA,86,NA,71.13636363636363,NA,19.545454545454547,Peer Institution,13,FALSE,Caldwell University Graduation Rate Peer Group
150534,University of Evansville,Evansville,IN,"Private nonprofit, 4-year or above",Private nonprofit,2018,2024,NA,"First-time, full-time degree/certificate-seeking students",Bachelor's degree-seeking cohort,496,0,496,NA,321,NA,120,NA,64.71774193548387,NA,24.193548387096776,Peer Institution,13,FALSE,Caldwell University Graduation Rate Peer Group
197197,Wagner College,Staten Island,NY,"Private nonprofit, 4-year or above",Private nonprofit,2009,2015,2017,"First-time, full-time degree/certificate-seeking students",Bachelor's degree-seeking cohort,520,9,511,282,330,332,NA,55.18590998043052,64.57925636007828,64.9706457925636,NA,Peer Institution,14,FALSE,Caldwell University Graduation Rate Peer Group
197197,Wagner College,Staten Island,NY,"Private nonprofit, 4-year or above",Private nonprofit,2010,2016,2018,"First-time, full-time degree/certificate-seeking students",Bachelor's degree-seeking cohort,483,0,483,307,325,325,NA,63.56107660455487,67.28778467908903,67.28778467908903,NA,Peer Institution,14,FALSE,Caldwell University Graduation Rate Peer Group
197197,Wagner College,Staten Island,NY,"Private nonprofit, 4-year or above",Private nonprofit,2011,2017,2019,"First-time, full-time degree/certificate-seeking students",Bachelor's degree-seeking cohort,470,0,470,294,330,330,112,62.5531914893617,70.2127659574468,70.2127659574468,23.829787234042556,Peer Institution,14,FALSE,Caldwell University Graduation Rate Peer Group
197197,Wagner College,Staten Island,NY,"Private nonprofit, 4-year or above",Private nonprofit,2012,2018,2020,"First-time, full-time degree/certificate-seeking students",Bachelor's degree-seeking cohort,426,0,426,253,294,296,132,59.38967136150235,69.01408450704226,69.48356807511738,30.985915492957744,Peer Institution,14,FALSE,Caldwell University Graduation Rate Peer Group
197197,Wagner College,Staten Island,NY,"Private nonprofit, 4-year or above",Private nonprofit,2013,2019,2021,"First-time, full-time degree/certificate-seeking students",Bachelor's degree-seeking cohort,430,0,430,301,301,311,NA,70,70,72.32558139534883,NA,Peer Institution,14,FALSE,Caldwell University Graduation Rate Peer Group
197197,Wagner College,Staten Island,NY,"Private nonprofit, 4-year or above",Private nonprofit,2014,2020,2022,"First-time, full-time degree/certificate-seeking students",Bachelor's degree-seeking cohort,441,0,441,295,320,322,NA,66.89342403628117,72.56235827664399,73.01587301587301,NA,Peer Institution,14,FALSE,Caldwell University Graduation Rate Peer Group
197197,Wagner College,Staten Island,NY,"Private nonprofit, 4-year or above",Private nonprofit,2015,2021,2023,"First-time, full-time degree/certificate-seeking students",Bachelor's degree-seeking cohort,414,0,414,262,288,297,17,63.28502415458937,69.56521739130434,71.73913043478261,4.1062801932367154,Peer Institution,14,FALSE,Caldwell University Graduation Rate Peer Group
197197,Wagner College,Staten Island,NY,"Private nonprofit, 4-year or above",Private nonprofit,2016,2022,2024,"First-time, full-time degree/certificate-seeking students",Bachelor's degree-seeking cohort,440,0,440,250,266,274,165,56.81818181818182,60.45454545454545,62.272727272727266,37.5,Peer Institution,14,FALSE,Caldwell University Graduation Rate Peer Group
197197,Wagner College,Staten Island,NY,"Private nonprofit, 4-year or above",Private nonprofit,2017,2023,NA,"First-time, full-time degree/certificate-seeking students",Bachelor's degree-seeking cohort,430,0,430,NA,293,NA,133,NA,68.13953488372093,NA,30.930232558139537,Peer Institution,14,FALSE,Caldwell University Graduation Rate Peer Group
197197,Wagner College,Staten Island,NY,"Private nonprofit, 4-year or above",Private nonprofit,2018,2024,NA,"First-time, full-time degree/certificate-seeking students",Bachelor's degree-seeking cohort,416,0,416,NA,271,NA,114,NA,65.14423076923077,NA,27.403846153846157,Peer Institution,14,FALSE,Caldwell University Graduation Rate Peer Group
216807,Westminster College,New Wilmington,PA,"Private nonprofit, 4-year or above",Private nonprofit,2009,2015,2017,"First-time, full-time degree/certificate-seeking students",Bachelor's degree-seeking cohort,451,0,451,286,316,316,NA,63.41463414634146,70.06651884700665,70.06651884700665,NA,Peer Institution,15,FALSE,Caldwell University Graduation Rate Peer Group
216807,Westminster College,New Wilmington,PA,"Private nonprofit, 4-year or above",Private nonprofit,2010,2016,2018,"First-time, full-time degree/certificate-seeking students",Bachelor's degree-seeking cohort,402,0,402,250,286,288,57,62.189054726368155,71.14427860696517,71.64179104477611,14.17910447761194,Peer Institution,15,FALSE,Caldwell University Graduation Rate Peer Group
216807,Westminster College,New Wilmington,PA,"Private nonprofit, 4-year or above",Private nonprofit,2011,2017,2019,"First-time, full-time degree/certificate-seeking students",Bachelor's degree-seeking cohort,361,0,361,215,251,251,NA,59.556786703601105,69.52908587257618,69.52908587257618,NA,Peer Institution,15,FALSE,Caldwell University Graduation Rate Peer Group
216807,Westminster College,New Wilmington,PA,"Private nonprofit, 4-year or above",Private nonprofit,2012,2018,2020,"First-time, full-time degree/certificate-seeking students",Bachelor's degree-seeking cohort,326,0,326,196,237,237,NA,60.122699386503065,72.69938650306749,72.69938650306749,NA,Peer Institution,15,FALSE,Caldwell University Graduation Rate Peer Group
216807,Westminster College,New Wilmington,PA,"Private nonprofit, 4-year or above",Private nonprofit,2013,2019,2021,"First-time, full-time degree/certificate-seeking students",Bachelor's degree-seeking cohort,310,0,310,185,217,219,NA,59.67741935483871,70,70.64516129032258,NA,Peer Institution,15,FALSE,Caldwell University Graduation Rate Peer Group
216807,Westminster College,New Wilmington,PA,"Private nonprofit, 4-year or above",Private nonprofit,2014,2020,2022,"First-time, full-time degree/certificate-seeking students",Bachelor's degree-seeking cohort,285,0,285,171,203,205,NA,60,71.2280701754386,71.9298245614035,NA,Peer Institution,15,FALSE,Caldwell University Graduation Rate Peer Group
216807,Westminster College,New Wilmington,PA,"Private nonprofit, 4-year or above",Private nonprofit,2015,2021,2023,"First-time, full-time degree/certificate-seeking students",Bachelor's degree-seeking cohort,294,0,294,194,214,214,40,65.98639455782312,72.78911564625851,72.78911564625851,13.60544217687075,Peer Institution,15,FALSE,Caldwell University Graduation Rate Peer Group
216807,Westminster College,New Wilmington,PA,"Private nonprofit, 4-year or above",Private nonprofit,2016,2022,2024,"First-time, full-time degree/certificate-seeking students",Bachelor's degree-seeking cohort,370,0,370,212,230,232,NA,57.2972972972973,62.16216216216216,62.70270270270271,NA,Peer Institution,15,FALSE,Caldwell University Graduation Rate Peer Group
216807,Westminster College,New Wilmington,PA,"Private nonprofit, 4-year or above",Private nonprofit,2017,2023,NA,"First-time, full-time degree/certificate-seeking students",Bachelor's degree-seeking cohort,331,0,331,NA,218,NA,1,NA,65.86102719033232,NA,0.3021148036253776,Peer Institution,15,FALSE,Caldwell University Graduation Rate Peer Group
216807,Westminster College,New Wilmington,PA,"Private nonprofit, 4-year or above",Private nonprofit,2018,2024,NA,"First-time, full-time degree/certificate-seeking students",Bachelor's degree-seeking cohort,347,0,347,NA,224,NA,NA,NA,64.55331412103746,NA,NA,Peer Institution,15,FALSE,Caldwell University Graduation Rate Peer Group
